0,1,2,3,4,5,6,7,8,9,10,11,12,13,14,15,16,17,18,19,20,21,22,23,24,25,26,27,28,29,30,31,32,33,34,35,36,37,38,39,40,41,42,43,44,45,46,47,48,49,50,51,52,53,54,55,56,57,58,59,60,61,62,63,64,65,66,67,68,69,70,71,72,73,74,75,76,77,78,79,80,81,82,83,84,85,86,87,88,89,90,91,92,93,94,95,96,97,98,99,100,101,102,103,104,105,106,107,108,109,110,111,112,113,114,115,116,117,118,119,120,121,122,123,124,125,126,127,128,129,130,131,132,133,134,135,136,137,138,139,140,141,142,143,144,145,146,147,148,149,150,151
-825178012.0,-11966142.861657614,-234729656.2364319,-982953057.5710175,-94880221128.84618,-43948952667.052475,-14928052.796511222,-86107.43625532139,-655725.3786011477,-3599663.7504512994,-100110.0203519514,3136.692883944328,-13052.247992316812,-116132.94157971242,-8792.69777022421,-5877.233093583394,-6364.32649056292,-13875063.326471526,-124200.30693847891,-190742.3009968228,9953.051503016375,-864393.8363459473,-824796.5310389112,-4208660.722379699,7989.816421226844,8256.01770858999,-266109.89681186486,12374.137810868895,9657.547729849299,-8805913.493915444,10339.544480015671,-1370493.4878906999,-4970.83826971519,-407329.4001049922,-9521218.843596684,10732.176993125999,-15555.342533761595,11822.290869245104,11722.109776220164,10932.468080493447,12797.529856469258,25878.2120528629,14975.607088077053,62910.281834610614,272736.61947018915,12072.185612127298,13510.915925304018,11959.72920359429,12738.08120322991,11759.042161044326,9146.940182521443,-933970.4923740278,11912.619630735802,8885.680805862741,12003.503047027598,134492.35231873897,11938.154707414864,11853.597797219501,11940.273641762164,12077.22136425016,36802.93902225041,11981.01312544336,11856.326502382537,11580.832508073398,-5595.52278484554,-131677.7786114245,11289.174224900451,-13785.580694662642,-118766.28989737103,-740101.5365192615,11016.297651595763,-2506385.026137893,11506.048156730332,9335.843118666682,-31039082495.752155,11910.455060612387,11820.866164120855,-1455462.063154032,10889.547065109784,11784.247045570886,11205.62839399162,206.82214085965825,11187.876797797562,7122.796601877804,-16313.670649151714,10377.251306196278,10791.336925731617,-104.85925479287653,-51949.65436200594,11943.13483467542,12372.230894492752,14133.59695361743,15562.233707115607,12487.254641122938,12395.715132922785,46003.938302387534,2828761.936950271,11947.065609838251,11946.061517860482,11941.050172227402,11915.961349112638,11813.21336130103,11299.364000628013,8763.648234492357,10886.136415294837,6701.918855785793,11898.726627335569,11806.652606065405,10478.689531521202,3944.902965198011,-28105.985042084398,11854.7591011075,11909.067168713862,10550.672399434095,11913.104403867777,11861.689423569209,11918.913075220475,11919.644414382456,11920.87859891752,11903.184983772393,11920.905391881814,11920.945994071324,11921.146063640419,11922.135897157219,11926.184800758887,11946.414946657917,12047.395681071426,12074.491517864237,12686.477592790505,15748.514408821287,11927.893031440883,11924.041511995156,11932.448426573057,11976.924979259034,11922.392420441109,11923.619840674026,11922.784341928193,11921.903442126606,11922.023131969378,11931.355875910429,11971.143212833667,11922.369979375486,11924.22532852522,11921.884837840016,11851.10740856989,11567.312682698022,10142.663470872087,11912.40423144317,11920.273068445787,11921.878197450456,11916.025025387484,11921.914538875513
-825178012.0,-11842736.646129671,-368671644.6922257,-2187521353.398909,-211517028060.9994,-100094747908.52885,-40227608.343136355,-1411262496.64119,-8584716428.121947,-46934729642.64637,-1729814721.666039,-23408626.276511613,-184216186.0472132,-1324267983.611922,-270478828.7517321,-388768934.2204157,-20629595.819495324,-16206609547.745832,-125208253.11483388,-304696579.33790195,2482363.382253259,1201216822.5010219,1357306652.6710384,6831126505.332539,-898412.7450603184,-587226.9910082213,-42952066.50158532,-717650.8381930937,-6946.744150389977,-72864875.79106252,11441.566121680444,437555.5059723345,21911.670871119313,323656.02010315,6681539.64494461,14196.138272272769,57061.962360429985,13087.596534052447,21443.236658376612,74030.27955840221,18545.394182912307,152886.99297578086,29925.310240504652,356750.6299908775,1779192.090204578,12916.07482672747,22614.248873634846,12123.197817735856,15706.665669953003,11392.168936392756,9943.865439850199,-805143.1141293818,11783.91612886896,15909.158638908615,12286.370997032816,706011.6580980412,12352.91330005601,16396.894648450223,11805.015868589358,10473.088819217133,-243174.70024279883,11406.722139044146,11803.123355764836,11243.607176000289,-18989.741587360553,-243158.60836988682,10732.540802778614,-33433.7688271722,-219957.28490335608,-1323839.5934642286,10441.817665383182,-4012558.0988812447,11637.919865863218,10331.58681007257,-18821183334.444996,11826.610405910602,11493.238045352495,-5376482.023731429,8188.923868762386,11510.690755563164,10076.394161858838,-18200.26815832939,9989.202097614345,-89.10125215580047,-59288.825915530746,8050.550099237122,9157.280299282389,-20216.85723457855,-161106.51107780088,11883.772030268934,11988.147324272637,12333.999093353397,12389.216963321827,12180.819662186526,12596.94676948874,55146.2916528321,3586640.841164309,11921.206880779093,11920.30714766742,11915.73922093968,11892.934964554499,11798.43333514798,11327.448580478294,9017.62919743236,10950.929369496649,7113.439844343122,11882.930073737618,11823.638538984269,10960.900608723352,6688.006031909253,-14247.290495057388,11821.134117738118,11888.411352787594,10896.908199466352,11894.349193229253,11874.434882582691,11897.054725697222,11896.465990130957,11897.38979927689,11938.774470216882,11897.515279089172,11898.341011264216,11902.465752123588,11922.939611727052,12006.643217364242,12425.39807209681,14475.347394995813,15036.7184899394,27538.77228730656,90164.74025709578,12013.036941415528,11952.908773011855,12098.379980879266,12831.179203914893,11941.828438300832,12089.010551432606,11921.316702929702,11918.924843657633,11919.26969949502,11990.823043056675,12291.859926322977,11922.565497978534,11945.662805251077,11918.663025152742,12228.32768268819,13471.409445882784,19710.850303737196,11956.401860828291,11922.980466825134,11918.542054928335,11922.936398467747,11918.503212097707
-825178012.0,-11842736.646129675,-230867800.19572574,-1317685680.2668254,-126666817860.38457,-62722229656.46315,-83493782.49181522,-2830566334.247165,-17103246552.46203,-93303951795.28122,-3417182218.9233985,-46634117.02361191,-326914873.5248306,-2361367304.3198133,-416620889.2765486,-379887315.68786484,-14220108.697079448,-10712916601.657188,-113902183.96925586,-209981323.75589633,-1709949.7211072252,-905947144.7330954,-1000516438.0834603,-5027248347.70673,-447441.8166549839,-201970.96067534937,-18919794.639471944,-151589.67045760853,-2984.4910164404937,-57243102.839644104,13553.66730592139,823474.6634208667,13372.182411774656,68883.24746976484,1449481.672954943,11730.883808598872,12502.799978142928,10880.481464238019,5468.384851905285,-30153.962593567077,7707.3197255623145,-79869.40942815809,49.45018074927248,-204214.65352573275,-1094344.333269049,10743.213104673876,-181.05521345681518,11139.306597223753,-2563.9243168848607,9728.436512485187,-36196.015615626595,-16546726.332333231,10606.648654539882,-85269.02611977476,11573.414292802772,-338680.91039239964,11593.048721487048,9966.928644460497,11798.073700695857,12132.219498799812,73685.13504940383,11715.10300599278,11689.241653727095,11465.080614601715,-3479.5166133821895,-113166.55314828065,11322.010557499338,-8514.648477554252,-91753.21696532608,-578815.3186688808,10621.651422168026,-3141359.6592832133,11194.659139860147,7965.726572930126,-45362929386.32784,11536.983575012908,10605.91851178619,-15055284.590317426,1426.7019866206701,10671.282397842298,6342.151897538403,-76918.00829667391,6672.357342215345,-26437.675364825103,-211928.38773060226,-649.2422530974982,2749.5341898013885,-85814.77507740258,-514126.59339761024,11710.517665987525,11420.32591064816,10110.68269879161,10005.480834610926,12893.425584077479,12980.060079446363,85023.04054293242,6066083.906461254,11782.287527921962,11782.390443771352,11782.788997771457,11784.970594532006,11792.4065787878,11832.125886486554,12042.440494070843,11863.303223176927,12173.228436810185,11790.888836794007,11820.926926365139,12211.526139918835,14025.378454866195,23012.48906160741,11805.13465862467,11801.59743775468,13944.207143920536,11785.167679954066,11794.011516871828,11782.731182105077,11784.319121229086,11784.437737051034,11796.910123627684,11784.597966455432,11785.568271563923,11790.407653586966,11814.443497140319,11912.77074601354,12404.590572643589,14812.081605892377,15471.656804100756,30158.053217705732,103718.02467283119,11919.673569986386,11850.182659747488,12021.455051032699,12884.121621264683,11835.95975430538,12008.806551945918,11811.915123641598,11809.53638709692,11809.541216072334,11829.02287073702,11910.808012939735,11811.461105610117,11824.146376891556,11809.507103264958,12289.942945619554,14219.926035682609,23903.825984702773,11867.653751929818,11814.475545879517,11809.294337132942,11815.554158513778,11809.29183553013
-823080860.0,-11718740.470554108,-364800188.7815184,-2166572216.287602,-209494133785.796,-99126837196.48795,-39740452.99640956,-1394925828.676223,-8485985011.940655,-45978105471.07065,-1699198424.2372704,-22698642.309580896,-176334559.73796588,-1271784478.5136936,-258932922.92687276,-376322783.9529284,-19141096.046079982,-13744140773.00512,-139805693.04458797,-146297517.71512112,-2659235.932998375,-1339877657.4133406,-1619768111.282904,-8147380425.267238,1204949.5676991218,-214377.0715065865,-13305995.43103565,-311893.25040071143,-11093.118993914324,-89138051.67308281,13469.108028201446,1323061.2891187582,1774.8408781064536,-254461.35642739944,-5901023.149821947,9655.505560039606,-30470.363165341092,11594.445130670614,8814.264986601282,-12741.411752396263,7141.761690863433,-92724.08398875289,-3655.2302405122446,-255147.79270079904,-1352100.2095217046,9925.013881716868,-12101.814979041683,11108.935005326795,-12026.472851643975,7222.394227049543,-89422.89988375928,-35056981.93120602,9696.437602775351,-148592.3691575212,11844.492104604888,-93587.14508559191,11729.983409745699,10230.6903202122,11871.579125266708,11454.785644210006,-65188.03443773351,11835.627244231415,11794.330162248447,11623.335215206633,-3902.9316433254207,-115099.47591251561,11199.897532275008,-14117.61055057617,-120831.82278215425,-752196.9700839774,10854.897426771196,-2844106.9973085783,11294.852419701761,8162.679685308431,-44541319772.288124,11835.014139607743,11625.604825448314,-3436918.220264049,9474.60424922814,11987.545555297855,12390.077224481065,20307.76100224339,12342.383668467024,15779.765379325177,34655.224615239524,13184.356769816288,12790.415285802017,21388.77605637195,63890.25770109184,11914.007806852518,12420.527427991598,14548.22798086823,14717.597931658293,11991.637500666044,11882.003915155941,14588.862578836051,235864.7219097117,11890.07320330865,11890.349634825106,11891.789411446223,11898.924765697233,11928.902272013756,12077.63712959342,12802.690757587758,12196.62486300612,13411.849099919524,11900.29214363987,11910.512685641052,12091.191561307427,12997.331070282426,17423.446460072944,11917.156055535788,11895.272932844906,11586.067322657304,11898.273346792525,11902.530697507045,11898.55290096714,11897.97787822531,11897.561409979768,11889.646174095882,11897.454215934384,11896.854339975078,11893.8559507757,11878.983122437581,11818.168804600446,11513.963795931906,10024.33318180826,9616.321888540417,531.1740703129963,-44973.44392873771,11812.953096566778,11856.063727533037,11748.463027683627,11205.92826030417,11861.71070212674,11737.479658423614,11879.498532949618,11881.441515161821,11881.45060761967,11814.471651356167,11535.789542440707,11875.949443254653,11839.851110810798,11882.092116556627,11678.223670748823,10859.540595513174,6752.070626027558,11855.563999064527,11879.529611610324,11882.16198502348,11877.576862148273,11882.189297385046
-783234972.0,-9362813.134618426,-291242526.4780718,-1413552099.5141296,-133369255725.74007,-64348429467.129906,-43599216.81362543,-1544104446.09958,-9359607089.88763,-51206113346.836205,-1842086124.624015,-4174606.3826368297,-20128637.318252966,-32305466.26487514,-22325703.50175576,-67592981.57311535,-13397476.416065922,-10457244678.21553,-157995809.4256663,-211072148.24725887,-6490598.973553427,-2801931538.185308,-3261978909.399055,-16414329725.056208,-2197369.9956326224,521796.70931474323,44336408.49890908,420313.0160645084,43647.022585887265,115301751.55612767,14150.01733377494,976400.5746672669,17533.428614138895,79511.07638191282,1497706.4807743581,14772.222061651299,31656.20233509884,14201.748234129935,15568.68505710076,26254.085738915674,14948.214384041814,44716.35231983777,17255.15505226001,73768.06902768598,318671.8330627093,14282.829045144343,19811.482129819055,14307.177350691705,25357.702505182628,16259.487472325538,63392.88481817476,17092657.169242468,15358.169455778969,122026.4088683246,14175.95213513379,560877.9093156066,14277.537421540826,17918.34344360364,13923.160527286973,14696.846345427826,154468.49848901315,14628.421831526404,14203.86262807116,14897.234245471254,67093.30547551566,451316.1429065066,15708.280881341803,85409.94512193179,379506.08800667914,2115976.0965140807,16688.67492533772,7704687.56546396,14976.62320676363,20883.935459219163,83563902892.0083,13961.054501109125,14254.110819094098,4752140.914442079,17054.221635242313,13844.924445901892,13641.53016279766,10083.28473915697,13611.990456841544,12589.287574792472,6249.7091652678655,13479.142502672794,13518.001710365912,9869.178195324603,-6690.621363227296,13868.180004417063,13750.067506933568,13177.463579615456,11108.654041522359,12941.401093883473,12685.790360534533,-63207.42717280094,-6358893.348963807,13857.114188129714,13857.414097650322,13858.975358236296,13866.713817844378,13899.162588894993,14060.263447506659,14846.453157020358,14189.139788674827,15505.279887601837,13868.586442414125,13881.321581616237,14094.259768148428,15165.586161203208,20396.172000699327,13887.16422108408,13863.024698373687,13562.780734397515,13866.631473928464,13875.728342874427,13866.340964792485,13865.647130453035,13865.312050759701,13921.089932303521,13865.378292074713,13866.039660162161,13869.34502443655,13885.746821356535,13952.804766748337,14288.262403972249,15931.844063017445,16381.578153369737,26402.917298119595,76596.8287820017,13959.762557146234,13910.46884505163,14029.321583078583,14628.582554315537,13901.613001843472,14020.58917222739,13885.276988087471,13882.695901846773,13883.0135983951,13960.967628152082,14289.927996347576,13886.436477197973,13909.591550094345,13882.350050538775,14173.658505688309,15343.533829885007,21214.373901407285,13916.541370460935,13884.783573220488,13882.268809428659,13890.479167067757,13882.222608505352
-744437660.0,-7068883.886470487,-219620592.12997875,-1025993062.9549937,-99894179600.58768,-47915452510.82537,-13739895.937394174,-579922405.9633589,-3589455905.30013,-19651454611.044804,-691171526.5177723,-42325105.4310415,-245369076.23419338,-1587533233.6524084,-479894240.4788544,-511948322.07649475,14789.804596788299,-764568.9918176767,8385.613931703323,4797.144293961506,15725.70607533208,-19435.080077320396,-20720.083139119837,-170282.5780152451,15879.975748480701,15888.591686408146,21161.34539516906,15843.749516156533,15892.9639727659,331486.3602700203,15650.074195537705,-123292.74937443434,14852.660513941435,-5444.745128433018,-445628.7618975028,15117.949627950546,3578.0930731291337,15612.655991374633,14654.191640438898,7163.254529798822,14610.611590764138,-13206.339593805847,11516.461697704111,-58320.6543035763,-361972.19172656187,15605.923228508682,12524.134573735777,15460.074965059322,7484.055144228829,14070.540732483452,-20180.24922501359,-12416953.014501762,14674.5656249511,-67650.17397387137,15613.348754355888,-322838.6136455,15591.717795933164,13701.019346012601,15723.688299181376,14637.151915827479,-187443.95079620526,14853.347232966105,15623.898069319037,15324.567523460633,-9658.552207450772,-195065.3677968505,14993.445346600947,-13406.63256283797,-135298.28618195278,-852746.6473381845,14476.422797302246,-3598900.7286320264,15349.654503364412,12999.758485895967,-33384903864.710453,15658.621060498599,15105.306949949343,-8954991.535150208,9635.364841457023,14972.785524223618,11733.083760091966,-50640.5379964401,11825.556848082848,-12394.522861709393,-149777.95608429858,6713.843831516555,9177.734569266311,-56670.92742613824,-375077.16886656097,15760.923913846733,15141.57251633065,12570.391492443248,10220.913309501411,15102.347003349021,15779.382069732152,15512.960727949046,-7335.560905619721,15782.751810908881,15781.023815796425,15772.340048164744,15728.92999700955,15549.984543503218,14657.026656290669,10261.345569114601,13939.054030303469,6667.640998351033,15703.591075183047,15563.359307671772,13414.421429153446,2871.549388971438,-48826.882629728374,15612.980994376869,15717.268007809478,13454.939604171548,15723.710554982847,15640.147622236162,15730.431606937416,15734.252341187457,15737.354721314663,15705.091212162755,15737.508229524816,15738.173081946505,15741.493402131548,15757.9636090584,15825.333286819305,16162.326689332158,17811.73247402981,18263.733620756004,28322.991974566554,78716.77274063318,15829.81216167233,15782.11520676801,15898.702159482453,16486.045250400814,15774.720554617166,15902.836379121854,15756.482367346256,15754.816122564838,15755.283623520252,15830.068330417465,16144.135533191393,15759.49157991224,15788.718850717562,15754.435766010623,15834.563468334514,16156.04728765148,17768.39464077815,15767.376907873062,15755.703340443686,15754.419310531197,15756.776467625816,15754.385450499101
-705640348.0,-4651548.422794623,-281940646.2376794,-1488015810.56506,-145366023576.3925,-71240166595.48186,-22294846.012803033,-626189647.2280079,-3820162487.23739,-20937816167.158436,-370322563.4317684,-20498826.464620005,-127015962.6512295,-968587401.0183482,-112365772.31520088,-169695318.26554644,2837532.038422904,2166004809.4326324,10752356.874927435,39503476.201425605,-283429.7914771065,-25714811.324354682,11031462.284306401,64319657.96738192,-527901.1916064142,-311710.40904392843,-30471792.385767777,-230029.20615696383,16533.75303661262,-4364801.67657214,12633.635524066656,-4351370.555462,3232.1761298444762,-364231.8777454467,-8655145.612207234,16662.048543563204,-3593.6245330211896,17645.761307562792,17726.912952521736,18976.986193570367,18222.85192326539,29259.16377787882,19155.1140532129,43783.84844722449,151563.4376517046,17972.103709547053,21246.548881217917,17584.82765251128,17478.099561178038,17657.784342910585,18036.632905781946,138098.11250498434,17592.303736273563,14148.720914988093,17703.186066020146,126683.76967746668,17822.296836387046,19497.532515014755,17631.233232253275,17296.99189737534,-45207.33834353727,17425.920100517633,17638.961737518555,17609.868315045354,16337.090224310543,5377.25279755675,17483.717878734984,11175.22237937196,-15623.007378623817,-173490.02183990524,17371.31580602007,-728568.8828237326,17679.99470484667,17825.54928406445,2121822309.5511432,17664.149040349355,17731.821852611927,1110268.1045893785,18387.697854629427,17792.87662936132,18345.45378376585,29138.790146235897,18367.83131848749,22365.48784078985,45500.05979450378,19181.148239913888,18743.313582307685,30099.2158689961,83985.97742047501,17656.353291719595,17685.626094487125,17830.917596573992,17708.503971387367,17573.868425556735,17426.89933192229,3185.251034052744,-1178177.0180873002,17643.57282002866,17644.759356511575,17650.69086463336,17680.3871450138,17802.307326155635,18411.54115486823,21414.78321653024,18901.213434186226,23861.38577166344,17699.868897822817,17804.40294949381,19347.80112486412,26918.907758455694,64071.58113904874,17755.42345590332,17687.47765252626,19177.91167545386,17681.889410860924,17728.168511219497,17677.23263056025,17675.957765580322,17674.550978004023,17660.883869010922,17674.464805433272,17673.93035372483,17671.265807792242,17658.03300604116,17603.91065171416,17333.18675704876,16006.898785858328,15643.974483904503,7556.359085950871,-32951.9758423982,17599.185742012814,17638.391421160144,17543.662023041317,17064.930895105088,17647.32655954875,17559.937775772363,17659.000554251124,17660.92361888492,17660.76582148598,17649.066177997895,17599.151764478087,17660.458745973676,17658.622024645196,17660.8153591019,17507.50382831614,16891.51237879186,13800.809076451056,17642.674596884357,17659.197948558558,17660.881652593278,17659.325827617617,17660.877652501236
-665794460.0,-2419027.30238686,-74440995.47843884,-240400421.28106657,-24035644280.46823,-11618800809.16876,4528429.564841874,32702642.722936466,638076518.4823171,3094724453.153976,-370405367.4737274,-20498415.904438432,-127023559.61677971,-968653258.1406358,-112377555.06774314,-169711915.37264338,2838920.635803631,2165532691.1297293,10749669.188963287,39498023.73020054,-281273.0238124142,-25643681.921609674,11114284.513693025,64728071.92616735,-525983.7319873828,-309703.737899808,-30469442.935255896,-228018.398850226,18534.06339448558,-4368172.55898291,14632.862260256145,-4351531.422454348,5220.616782238503,-362560.43157849344,-8660519.2171571,18660.15212369813,-1646.9509515458558,19646.40914145329,19718.46367861494,20914.794830783532,20214.090187733174,31038.349429302543,21125.46288757968,45215.216652816365,150663.36851916794,19968.50548985236,23187.546093013774,19579.050626111075,19308.527595638003,19621.954650538544,19246.081582577433,-133742.61584584817,19570.304997277184,14421.12635901797,19699.66709298774,119295.95721976845,19815.314368345054,21416.882379598253,19630.869277011985,19267.845743802514,-48556.70981938898,19397.842084895292,19630.893396299893,19571.001365683354,16264.357555980929,-9514.210345009018,19409.093025151793,10289.230596308791,-28365.999993916386,-256231.98719509045,19262.272568883945,-1029767.976183503,19619.060267819874,19453.62838918296,-2334853536.579943,19649.75937873349,19655.070459188097,98391.87972907448,19684.31644500812,19702.66675164744,19891.334540463296,23745.1656326173,19927.375901218926,21224.91768295054,29093.13431464348,20161.824216129313,19991.03930828194,24051.956598750825,42671.55725400427,19656.352477616263,19685.632382081145,19830.94981958318,19708.56091367034,19573.88055408672,19426.9013063518,5185.414195514282,-1176163.5104676837,19643.57266534469,19644.75917562714,19650.69055270441,19680.38617762609,19802.303673190516,20411.52407292907,23414.699827812416,20901.18555875097,25861.248534226906,19699.867481144913,19804.399123099258,21347.762462486306,28918.69743936722,66070.5293379035,19755.42088217744,19687.476368092557,21177.860426598418,19681.888276498714,19728.16542568097,19677.23169308255,19675.956875288433,19674.550134116835,19660.87897806787,19674.46396593554,19673.929510071514,19671.264943114762,19658.03203688137,19603.909256621286,19333.183228940055,18006.88489036039,17643.957727835394,9556.278948742396,-30952.373589953357,19599.18436488854,19638.390312320822,19543.66021396355,19064.925666201732,19647.325441375793,19559.93559686042,19658.999608319264,19660.922659904965,19660.764865341047,19649.064198057957,19599.145560876073,19660.457703136482,19658.6203785867,19660.81441626837,19507.50991836518,18891.54673526122,15800.985192415985,19642.674578642967,19659.19701059474,19660.880704577048,19659.324677683224,19660.87670321787
-625948572.0,-63099.96645115422,-883333.1749919348,157633183.8337224,14399346948.392302,6771502719.670657,13784381.152641525,343099334.057326,1988869108.9762213,10766471766.785963,437452192.8807618,39052383.8014523,252164020.58442172,1759249429.8718376,334198988.01492274,387074042.21247536,15350015.246168677,10989843243.908422,144769434.17073354,318143443.7293404,9497724.560248954,4167252682.0358033,4870247879.902515,24494803616.642975,1588165.0155369341,71644.26196634967,-324889.18249145243,186131.23211165823,17553.372999178693,-15736348.127206935,26141.23728342887,3263691.2999453596,57124.2501931353,967210.2684479732,21411558.654260967,26005.922050701403,113239.4051744742,21503.324274116774,20618.932430214085,16606.662717643423,21499.583235630613,22543.925280838805,22860.26238902777,30774.48035365909,66253.31601596063,22083.077214110657,27370.19312988822,22063.624737706537,33009.542689559086,24597.09444674433,83088.45885100812,21325798.07409703,22719.547110039635,97459.1399957331,21186.828496700746,-829706.5253536629,21039.68082195818,15355.237751289558,21711.278643649883,22505.161293316763,175877.92084665247,21780.27429102633,21635.782863349545,21953.06898324407,32914.76924422534,115115.77053013895,22289.999015281923,44821.136304727224,142025.90881500626,714937.4626675728,22320.33490290896,1866450.7304378138,21619.055866811843,21453.60167129062,-2335172750.5288887,21649.756528265887,21655.055453342913,100194.20517505165,21684.179607355174,21702.65394114686,21891.270966965305,25744.130015438885,21927.313081345157,23224.485126852862,31090.59292845322,22162.537828611938,21991.43024000379,26056.176944210707,44694.291741924746,21656.357978110023,21685.709681777815,21831.33600504245,21709.246938690565,21573.950714625273,21426.969304516006,7189.610893918891,-1173816.6600194313,21643.57467661982,21644.761137764486,21650.692267424765,21680.386658028747,21802.299071224763,22411.494102216326,25414.544955601836,22901.13514259572,27860.99140267725,21699.867107212893,21804.39428369752,23347.69155833676,30918.298857129368,68068.52610001859,21755.418606021904,21687.476685325128,23177.819815047216,21681.88850614881,21728.162645669763,21677.23222041168,21675.95750144749,21674.55083712367,21660.86543706851,21674.464639965536,21673.929955086005,21671.26424328627,21658.025720845468,21603.879978549427,21333.039086164667,20006.178108197215,19643.096903860496,11551.987151411653,-28973.8505083612,21599.1529657488,21638.37545468311,21543.604741913423,21064.665591458688,21647.313079875395,21559.879128798304,21658.993465801726,21660.917284895306,21660.759420851125,21649.02740345489,21598.977269351686,21660.450341167478,21658.6001946473,21660.809260619924,21507.40016378389,20891.016921563263,17798.347561556937,21642.65646036736,21659.190811773664,21660.87559344985,21659.318357191565,21660.871598914146
-587151260.0,2354235.497224703,-63203387.28269319,-304389563.77634674,-31072497027.412815,-16553211364.986053,5229431.077232564,296832092.7926732,1758162527.0389462,9480110210.67228,176052686.8159649,7973973.757037952,45195067.83106983,385373276.09249616,45412534.76157527,98770646.24327,-17787786.776019737,-13122852057.543797,-115557729.89057699,-200279474.38950506,4434726.223780469,1914433718.4922419,2086128813.7759826,10487054019.730803,-1876129.4124179084,327859.59662725707,24097511.254712734,353245.92018702417,24179.093089044305,2936253.429539476,31285.29366078117,6871906.495831983,67865.30966321699,1183291.9957608287,26245090.09311607,28138.838258485383,119860.30485254791,23835.71692376824,25951.593130866877,41097.04199311545,25456.844759736807,72691.3156469265,30222.99895956796,142267.4297158057,629164.0461010045,24042.851272839765,31262.35659024149,24127.315122932396,39333.592269481785,26914.489164968894,96743.79529362661,25297616.394482527,25345.575871771063,160954.82130191062,23624.7549488343,289153.6882317317,23744.438908986485,26069.643668047967,23517.816521814162,24216.4112723397,147162.08473910426,23901.562127913272,23630.36252394259,23957.276374494428,47871.512567406826,227434.57892034072,24294.108501664854,54946.47687579678,186428.1148388282,959204.3299291492,24586.599680572563,3020130.182013556,23926.169547071502,26257.350546279886,33095560194.652252,23603.750846843606,24069.16796029252,7601464.79891608,28776.172125785622,24091.105908405603,26496.769851041707,72389.10562238903,26348.103373006623,44291.06478698904,145212.83689812885,30219.70180504765,28463.688809055428,76762.74822153861,309556.33839543525,23506.571355931464,23298.288074676402,22510.86716044257,23389.004301414116,23182.29886778813,23293.780299577636,11337.953733232423,-981027.030273676,23489.93562693169,23490.47588498459,23493.151165630232,23506.537531498736,23561.223938269726,23834.7658821257,25188.048206182408,24056.595782391058,26281.693575412242,23518.196450736596,23578.23559209818,24477.858111598234,28917.27009341991,50660.70399350548,23537.247354452153,23514.375862922778,24666.149395061144,23512.29483396312,23563.78086431361,23507.062681427582,23505.248191272614,23503.924542177858,23524.678992184265,23504.17766912,23505.490124212836,23512.046043450027,23544.573609190975,23677.56868579892,24342.83552250803,27602.28554226084,28494.43756531706,48371.03176146808,147921.27578424162,23690.343498644892,23594.650024024875,23831.026526836686,25022.763430630963,23579.25516540792,23832.412911689782,23543.79715150674,23539.01500508685,23539.02317810837,23675.86642571963,24248.545395607907,23548.618845492034,23611.331108246628,23537.920864496733,24259.525679029026,27158.219086348046,41701.68651414021,23627.478788408298,23545.316086976025,23537.577868425724,23542.064296712975,23537.57040547956
-548353948.0,4524758.529844697,142360535.5211943,932751256.9519972,89246435130.91019,42584199065.305275,31809128.981514465,947556048.7611374,5641931507.705874,31104429559.632534,1187191568.1565511,57529458.447717175,381782355.77072513,2643904414.326085,506885260.431766,600982269.983496,31621174.77579496,24701063845.924747,244689283.3472979,307151189.93675613,-1413822.0944717994,-548853899.7915632,-477416111.5444004,-2404428666.8054924,1277447.3517561068,276579.5327960696,19752117.619886238,267108.3936066523,48761.403288532674,90436435.08937529,21040.96618706446,-3768714.6003703154,5471.117045516752,-488020.92578301113,-11651224.775817076,24036.27408342572,-5972.854418928462,25342.68239904445,25783.165069275146,29935.099365115137,27502.737327405343,66852.01886713076,32329.469821548962,140955.76841001865,615635.6935444524,26561.892467457958,39160.01266835375,25792.51376419505,37509.51668211019,27339.156385977894,67614.31065040448,14743483.433788914,26262.13274513552,84678.72173221433,25412.544246792888,33400.13753264676,25425.241936060913,25732.315205529823,25412.62641304294,25461.191822668246,38230.358704501166,25245.007605410614,25360.303032505377,25181.86154352526,15720.608092765997,-56782.50063059082,25190.53726248339,18210.35116222941,-14309.462592565276,-198986.93448600898,24955.505198595565,-1228478.3016896534,25263.525469834178,24549.02648171309,-10260598917.359148,25505.460526146515,25899.607553110724,6434724.422900908,29791.665598269938,25711.42682068725,26922.01920744121,50104.7461770911,26908.464899623887,35823.09865961886,86698.14916784441,28740.524797159946,27826.728840037467,52483.67371042461,171858.55455627074,25422.596312268033,25920.992179728313,27952.400967556696,29529.46173133667,26272.942406452792,26017.059716902775,62737.52467744275,3110762.83360217,25432.05907332462,25433.33785014959,25439.74357426191,25471.78602778935,25603.646888479674,26261.989281623344,29501.732573012203,26791.343758394672,32149.55739900108,25492.454138097128,25601.877077125373,27289.408346462063,35510.17047352314,75888.24850788355,25555.910793704796,25479.433074231765,27050.61637565069,25470.693359197063,25506.137451115763,25467.924632995313,25466.326686976037,25465.707650004482,25611.813045212733,25465.542147842847,25465.5445190365,25465.558515191828,25465.633776917322,25465.92267262038,25467.416441256642,25473.666591888705,25475.526436766275,25514.26358358509,25714.539089203292,25465.00739072099,25464.92685843671,25463.592135118644,25456.611268216588,25464.34637312609,25459.570690144,25464.9583000754,25465.419872440852,25465.54204093719,25460.537816692322,25440.39785937555,25464.359784820244,25457.477203521143,25465.512896829216,25281.438808000337,24541.581625759805,20830.998793873077,25442.20529132077,25464.11148835796,25465.636234293328,25469.20725828355,25465.597827487676
-509556636.0,6942093.99352055,80040481.41349277,115741997.68324496,13981640256.12263,5818123213.156686,-5324999.612469118,36956750.68559302,273503940.72625166,1667245803.141937,-125154191.2386486,4663198.571400361,41008330.40570942,324654603.4994011,17836918.90462496,33517573.10882939,3563274.4291950422,2378820594.5242953,1269167.4006405242,-10300479.809328446,-6132575.735130807,-2833050700.488582,-3099699025.9271817,-15579957918.339628,1439420.5291705055,-523341.7138723284,-45462687.37103449,-463777.4288370773,-14174.265979947835,-159955865.86620456,23690.688855155215,-3101754.6987256673,2979.648987356264,-663421.7601171335,-15478805.369801277,22219.62145963347,-77708.30636886045,27397.15717740981,29135.614124733052,40581.47881207444,28857.482601544027,60966.38117743963,32456.751874987363,119552.0256276373,501278.05554503977,28022.89154980036,35900.86188180244,27287.368959308733,30691.400182295805,27116.676395855648,28297.99505344741,529236.493209846,26728.012912612485,-1459.066783788272,27160.45248463819,7669.712665856758,27334.81821406019,29056.687209964588,27186.005360620522,27334.73707802324,56443.78478614052,27549.169099922634,27268.551358155197,27603.168736211974,48201.383254828994,199498.47374432755,28028.241682033124,58554.22506552448,191282.33202209327,971605.8903930784,28154.828090804716,2738707.9639853984,27587.90745977601,29638.44179854918,29466105510.015083,27178.807898636504,27205.743730227416,461227.93556337425,27502.457278441547,27213.31882902539,27310.58674684286,29310.80745069625,27366.40936098177,27832.127752471966,31187.838490797916,27411.50207590329,27349.904746802742,28334.46019852465,33133.86341313534,27154.873223292354,26520.515255869996,23911.21901500519,21293.05359357463,26180.924568450006,26316.361013393987,-29604.084091690525,-4666649.628495387,27146.418323192374,27146.75984823697,27148.507337634946,27157.218499413157,27193.179250299338,27372.74499409043,28254.71732458526,27515.295692257947,28979.00646922272,27160.707534123303,27182.308902195433,27464.737053857836,28882.264357397435,35812.04144752605,27186.822571346373,27162.32890441137,27922.519256399533,27158.599422349886,27181.156992071938,27155.720154396487,27156.46692738768,27155.58834857357,27197.542615609,27155.51272845616,27155.51538663485,27155.53041622108,27155.606965413666,27155.925071479443,27157.53000728334,27164.016888259936,27166.186728674096,27207.952385181597,27421.024554391886,27154.920311376292,27155.30150846133,27154.711378806525,27150.63245034583,27155.850492135596,27159.476410400424,27154.994074057435,27155.51200532257,27155.522481157186,27149.14769514507,27122.30860704796,27155.080955973513,27152.364876651485,27155.558976262982,27098.80527058981,26870.540969960726,25725.018454628484,27149.69987115188,27155.51420674706,27155.644921424777,27162.783069697314,27155.603905425553
-470759324.0,9112617.026140545,285604404.21738034,1707869330.0702734,164093523313.42822,78396895410.93976,49833876.8103873,1552012763.4649463,9294993906.435509,51024133559.27382,1926290287.054703,22297051.951808777,200426544.509398,1458456009.7139733,335308162.31323063,398833454.64921033,2063863.7973330852,1185750704.4721909,21355721.92217884,-5952024.381316851,-5230025.871248306,-2479987965.08388,-3099735354.2831445,-15580148930.170668,1441425.062371296,-521330.2628178379,-45459715.61706612,-461765.53965918586,-12175.027411852345,-159956836.71036744,25690.985538247955,-3099524.144272301,4980.283765842654,-661406.1259150624,-15476441.660087975,24219.552048784284,-75709.61685588435,29397.138800894092,31135.411085887874,42580.119576250036,30857.300161143594,62962.23847522834,34456.21930657564,121542.07055732256,503227.3222640929,30022.811968686972,37899.85798176966,29287.263976537713,32688.795263002834,29116.118260972045,30286.048474900897,527105.9376675023,28727.656133831424,514.1875726593062,29160.380348766248,9526.348524878904,29334.697264897062,31055.48206480066,29185.983758165225,29334.312055362716,58368.77014013058,29548.75355014584,29268.416612500503,29602.58831299485,50171.247891442865,201253.13864830195,30027.147629361105,60512.469280849386,193069.21174660776,972381.110671808,30153.21645622247,2736274.8393675056,29586.98858548597,31632.91666373636,29400112635.544147,29178.575214727258,29204.579323628714,448081.8388902183,29491.938306782362,29211.956909737986,29303.80277514802,31200.596502045253,29359.827865143685,29785.30377415689,32913.48070668185,29396.291360761,29338.676135096524,30214.424499998437,34487.88646556574,29154.757223484463,28519.243746092612,25904.93278647989,23282.257610384724,28179.04033379546,28314.287162044086,-27739.978029635833,-4675882.128638587,29146.333645241488,29146.673323823376,29148.411560344568,29157.076469904412,29192.84691702963,29371.462497619454,30248.756290262598,29513.2488610374,30969.226814310037,29160.534936953612,29181.974040363853,29461.91375192106,30867.27463833832,37737.34762660926,29186.55986925676,29162.1689072185,29919.37187002997,29158.45415480907,29180.930612058244,29155.58175204476,29156.331469187975,29155.45504252468,29197.172451180195,29155.379682736846,29155.382229143,29155.396693201143,29155.47042515131,29155.777063502093,29157.324535837713,29163.531498207754,29165.624205378863,29205.67907287046,29410.181231370727,29154.772165300023,29155.161426250397,29154.551458184134,29150.377629736467,29155.71272239615,29159.32606377879,29154.85804895659,29155.375651266917,29155.386104033532,29148.964509246256,29121.93001215169,29154.94200267486,29152.207698242066,29155.42298051277,29098.529395756737,28869.704537767393,27721.363154301307,29149.553281450648,29155.376083317813,29155.50896852208,29162.640282815762,29155.467968151843
-430913436.0,11468544.36207623,359162066.5208269,1750916423.5263748,168787095677.19925,81872465955.77428,51357596.841407165,1660031080.7727578,9976789814.071594,54278901490.66742,2025605795.978552,15882042.021419456,145045864.9286638,980780650.2385808,233838388.54988596,254103742.18795407,11818138.289837271,8802898462.294268,107357646.75983194,153140621.04075465,-9831514.366423419,-4690117487.03722,-5156286977.811149,-25947247489.710888,-2439743.0758049604,998009.226658364,78827766.44508296,1011106.1850011061,38471.06047394956,28866440.679712392,41048.79541046265,7927858.217619363,62396.62546346561,800985.9336914996,17843670.399604276,31681.61836267373,45638.38602869582,30363.243589774942,25216.54618897824,-8128.83345239138,26604.57700527413,-62150.71692370605,18067.965750092793,-207236.32065528174,-1189786.0866954857,29543.046054283786,14723.715357918412,30671.10274881195,20553.28889468514,30411.148019490938,11708.84988769274,-6743745.5932880845,30949.61814884693,18374.910794348485,31063.37844116391,62413.37654071348,30875.720717187778,29479.163223001113,31099.784302659376,31589.46656646216,127660.84452308525,31477.246725557477,31093.583598328813,31272.10160170615,41753.020353762855,120189.54567933264,31372.72154194831,43495.77206996426,93724.40917627401,392894.8802479851,31486.74917829533,1222527.996560597,31117.8603376358,31446.474729180703,4739817896.653752,31042.02336071927,31005.803913678057,-542506.9881509609,30676.85002538363,30903.226193042876,30309.403274352364,18874.80409860994,30378.193800958776,25605.784689480526,-725.980788827299,29272.514085932773,29747.473852386127,17309.20050982952,-42935.18825483065,31040.216293057296,30773.42778620312,29672.081074662638,29036.66824023121,30909.97466214352,31010.64536997078,26496.84664424225,-345712.44087441417,31046.825690342022,31047.015206383094,31047.93923197851,31052.58771283369,31071.33594883293,31165.570289630272,31631.44824612791,31241.56524924315,32006.24733164419,31057.142702856498,31080.03309762515,31388.852374744973,32902.09405967113,40342.06872542459,31065.246166059995,31053.866728044424,31324.437197761843,31050.70446734524,31047.107036059784,31049.3575609664,31051.330742665865,31051.603098443215,31017.00892274714,31051.79869495197,31052.54615815197,31056.275241101506,31074.78849019265,31150.490040276323,31529.15842540227,33384.91470770495,33892.6007914732,45208.58632879981,101882.70475874693,31157.85961514329,31102.86787001646,31236.811562741765,31912.95877677337,31091.528299675017,31220.450074148164,31074.107526015927,31071.223891216003,31071.312637758183,31120.139724999048,31325.48936733774,31074.196766953155,31093.039437937558,31071.021733004418,31518.722328242056,33317.19537494011,42342.25127724609,31123.61944397238,31075.4090258065,31070.770323199835,31068.62433495781,31070.799842778237
-393164700.0,13700475.522436388,428848272.9135665,2128000891.529866,205199192630.85718,99294858772.56978,60126393.082480386,1954091104.1421785,11753955305.345465,64387822094.50884,2395807991.2796125,24982041.03137293,210414270.42953104,1426234020.5823479,321478356.37733966,535062160.03206843,8045299.365943411,6041269118.39097,80876646.18127549,174015788.531548,3115161.6476936955,1597300007.9157948,1882796339.0601823,9456911810.33287,1414272.1798005805,266413.64668750565,29144054.165032845,-47001.04803093763,83020.12580902231,193588211.98957396,31850.771524667598,-71645.97774923172,49414.63793002107,540537.6700607822,11113013.618004845,38890.11420922468,158354.37986229063,33627.81804627229,37088.56604015277,58352.76002902203,34057.45706260117,63186.16099043959,34661.485097533805,80899.888692809,278368.83206803474,32605.650017928074,29221.867302008344,33120.310027810105,33932.1132642937,33189.46442048497,37688.828873577324,1583619.047391644,33510.855360502675,77272.79781371694,33296.79081676304,600895.2509671553,33073.48835587875,33718.252980702426,32979.4021447749,32932.51855849382,22211.21419931195,33076.285710526485,33111.625949530084,33508.28830460075,60344.87695561468,253650.98820297077,34198.16493874714,81011.67308764943,275910.27120331436,1430026.5348310764,34843.33004403047,5130132.402837018,33853.45952719297,38321.453843955554,63654442080.80972,33215.75846174947,34111.13297145022,14586652.978273146,43063.121248846415,34041.33630727733,38140.67310061594,116910.33489350854,38042.35746911255,68125.29809855632,239443.82457247772,44300.93697702306,41268.819326193894,124336.2276356734,524391.5983132413,33029.74417635081,33224.249198621335,34088.8028914402,36613.366089685594,33469.931264177045,33015.614880583336,32784.318008771406,14899.537978586693,33009.4795525451,33011.08811571618,33019.15533046958,33059.493279163005,33225.63211874448,34054.8800133645,38137.7319940924,34721.827042275276,41472.47551191318,33085.264668824355,33223.575767041824,35328.62580809923,45647.639500082994,96266.548545727,33165.714846019924,33072.235843489005,35375.77982428365,33062.452469585965,33129.96201649883,33057.23594371627,33053.95712220939,33051.69919476779,33096.55189425816,33051.473140755326,33050.586553757596,33046.160332011124,33024.18430444675,32934.32912878166,32484.818050641385,30283.86246706988,29681.242783311576,16259.025739820801,-50977.27649437776,32927.662100622394,32992.17740215403,32836.58775069434,32052.135153570078,33005.47710475296,32854.344556117496,33026.29373722637,33028.646522268136,33028.28786586566,32970.82615172847,32727.693636888485,33026.29691473972,33010.370171152834,33028.91222214622,32967.42525824669,32720.487331134984,31480.825664774835,33021.46592457586,33028.21631213449,33028.9604654269,33030.52354930501,33028.94059413063
-352270236.0,16118400.946159877,504341663.1723672,2536509065.2003055,244645630997.31918,118169117657.43132,69625922.34364328,2272656129.4590554,13679217920.892204,74886044472.69836,2785332991.779996,34605881.81600838,73754870.28695543,586579146.7209493,127385965.11348279,224630900.64152527,20530264.76009595,15416270341.296492,147448831.55761763,246682263.73279226,423005.07688060246,227404513.36058757,131430222.34022827,663420508.6052034,-399829.3742585379,261323.36128443095,11267360.482126964,439444.47018613206,40238.73897474087,20572794.052770067,30054.11545232754,-4309060.5232464485,-2697.5194993562254,-985635.7776411419,-22909208.575156886,29816.14413175309,-74713.72825246272,34718.32259972264,33453.263041318554,25905.67482900982,35004.566086680265,31507.51676053733,35770.24021576978,40170.91298321652,62120.13651619571,35074.03929475042,36445.26280571226,34944.68821416932,35215.21717637442,34784.34703583338,32227.676552794233,-906151.1035521885,35005.040030480086,42882.173650412784,34889.37931873422,-67110.0327027934,34873.05284331154,34367.33723056439,34909.68273173484,34448.33130170846,-46155.06225748787,34423.537719316744,34809.83829405617,34336.76632776084,4987.317709294381,-209853.7076599105,33501.83495277211,-18472.147463747096,-238980.0670011092,-1544809.5684894016,33439.92407257894,-4067042.3832889074,34395.460901035694,31797.592805669814,-37510802230.9053,34916.81850125314,34832.30867712626,-1327574.064205863,33973.2882681025,34876.21645174493,34765.32630484012,32036.61840509368,34568.829630533,34808.72591026179,33110.76271577124,34951.66025311325,35015.80683067186,32560.45012653444,22057.33366044989,34934.53504128584,35134.068205352945,35926.85373494151,36323.74174122077,34802.60566759758,35050.66674145567,43491.55463532832,743172.1679421094,34938.97990095025,34937.908632113315,34932.509895135365,34905.516779156926,34794.108607081114,34238.17691563195,31510.414458141142,33793.638944456536,29268.928227204655,34890.611920726624,34809.592091268794,33620.57569563939,27817.195642040773,-705.4543164157003,34822.47937964516,34899.03836082116,33564.012459411024,34913.28975050491,34922.01368646085,34913.376324837074,34911.02998461227,34910.72720777814,34892.302651706654,34911.082462877224,34912.64149235702,34920.43613716413,34959.10766334912,35117.16829706832,35907.90175522365,39781.693789773984,40841.93109803573,64462.989462026846,182777.3733161753,35131.846788794806,35017.66795047649,35296.64124570055,36702.422245061214,34999.20048916391,35293.87496636256,34957.895186288006,34952.723187726864,34953.0346386019,35165.26975500486,36055.747761937506,34965.48317379728,35050.85733065302,34951.035986101306,35523.51326404365,37822.61051329105,49360.95414136392,35020.753445281916,34956.66106192764,34950.682689697016,34944.915759914904,34950.74022888376
-313472924.0,18412330.194307793,575963597.5204602,3279054613.418127,319759061919.77344,152463570030.76587,65523580.85306474,2115309178.053224,12756230134.854042,69807105200.95485,2643105758.8868194,-393428.9184328988,-73703792.19594449,-586603556.5870469,-127328022.10302539,-224567924.30342218,-20476352.573712282,-15429753956.288929,-147509354.72369063,-246806956.24042532,-353047.8686503891,-228132734.51497823,-132108201.57027179,-667132338.3274008,467598.0577022776,-193296.40531850175,-11478850.139971202,-367334.5272864042,29260.637287458758,-29313359.831115413,40044.205523921526,2928113.8964367053,57221.67005346426,630372.1044993033,13291016.731686102,40582.21827698339,115502.66365504163,36922.32053656608,37752.836965558046,42623.41165285462,37521.07727509205,50589.18097092778,39103.41423796788,79772.18456446972,255938.84588438115,36852.50106645625,37335.22682616142,36983.221698598456,39358.652078952815,37341.224227274506,49545.187769569064,4362511.663637345,37365.1942124315,74444.8879383383,36880.74030613005,113611.24824354157,37059.195046368586,39392.70635874437,36849.73241007148,37135.02765899857,88289.75135034075,36782.20187984999,36720.66040526603,36399.9265305978,14720.152510655898,-144515.72730197664,36032.87146147419,7406.765410168064,-117976.1004210228,-852463.9343176158,36603.64379491525,-612233.6375616061,36681.398647097216,35889.45359035972,-11292109080.045475,37005.23346375742,37697.298989889714,11279821.201486014,44592.62365994866,37426.96610755845,39715.05546487727,83783.30881367104,39676.683291165056,56378.42237206016,151807.0283895754,43139.490242323234,41430.78455779224,87899.52131486734,311958.76946618874,36865.32518145081,36993.83698946977,37592.46894383669,38567.717392944825,37024.95070886815,36891.994618840814,41255.753680533286,401728.0392283702,36847.383028033866,36848.26672644382,36852.72497871443,36874.9800868639,36966.96629931235,37425.61785510804,39677.142891156225,37793.873495318236,41527.88895019278,36888.231633982425,36958.76134520512,38041.18855307342,43339.44185648956,69343.80542060803,36938.073229929956,36880.7482071937,37964.387866281846,36873.12262274865,36892.40563280462,36871.415637890306,36870.92827358476,36870.85182304622,37012.41216914121,36870.7046370283,36870.836540755154,36871.49607258216,36874.76852453772,36888.14931462638,36955.08567612115,37282.828766722545,37372.596312147056,39371.43566566363,49383.22803962149,36889.33433704405,36879.72798135082,36903.36427486098,37022.394629329014,36878.24102670604,36903.86354722364,36874.62144886516,36874.20288158715,36874.265491018166,36893.05190844769,36971.88560745494,36875.4710156375,36883.082905467665,36874.108872654455,36966.6084893692,37337.988016614276,39201.900387968264,36885.28912827974,36875.0534222023,36874.08376277637,36877.01407423277,36874.05772834011
-273627036.0,20768257.530243494,649521259.8239071,3322101706.8742332,324452634283.54486,155939140575.60046,67047300.88408456,2223327495.361037,13438026042.490122,73061873132.34836,2742413636.169001,46684596.334525205,379989494.0162867,2656606918.1320305,548731891.1599629,638862041.3263994,44665062.27780958,34225609819.940903,418319746.26190186,678371779.1394398,14825797.96459227,6774350086.700353,7500288929.201607,37718205316.401855,872962.6970626737,532611.1047201734,32194733.129759476,689590.341020783,78256.52846429864,152705742.68723038,39846.45454091289,905278.3677355483,42522.80718779194,112919.86770524847,1756962.4531891574,39089.959107864735,43176.39922003604,38971.77519107717,39660.797831778524,44337.29534175398,39436.69129631961,55854.699722645186,40373.85861540651,68340.80055019767,188359.65108118387,39020.31286717472,42303.59792756656,39217.75118480626,47805.26909558939,40801.89253903258,78484.43678482706,13818451.601368392,40121.32295246096,132872.07229386677,39056.95085275149,450358.43693682033,39049.323197341,41258.82149739704,38836.041821233164,38867.80162614792,46984.06369870091,39048.01453658869,38942.14438712416,39296.25297124898,61501.39648109174,223832.92246032503,39911.581788403346,78971.41315038419,245238.61355416,1223381.74324725,40244.16898742434,3902922.2239123145,39563.39026342533,43124.43744576241,51190844498.89352,38866.396210433326,38980.59351966175,1867340.9365270298,40160.78071109472,39427.3562890332,41717.58081252506,85824.26167607133,41679.248765573066,58396.33664050627,153911.50092012304,45145.67897745677,43435.649516709884,89949.72330899199,314225.7015530881,38865.99447024976,39004.01678796374,39643.73234166877,40652.9139460612,39040.97847033592,38910.425552915025,44487.22705434569,505535.65340125863,38847.248791795166,38848.11032230349,38852.45766072893,38874.15820083989,38963.86639612969,39411.13748233036,41606.600282902706,39770.23916891416,43411.65617537086,38887.024998238194,38955.53392005675,40007.384253835095,45155.90720536058,70425.62006365195,38935.74153303889,38879.699345225585,39925.73906548613,38872.25692456074,38890.52350436684,38870.651054721064,38870.18988210903,38870.13882415994,39012.178639829166,38869.988849150126,38870.10993633843,38870.71535430464,38873.71931332992,38886.00264336064,38947.44840610324,39248.31987303753,39330.722762670885,41165.64562038709,50356.382827416885,38887.100799998036,38878.27643062391,38899.995594128326,39009.36081113705,38876.90027594541,38900.36592497171,38873.59047486271,38873.20190642894,38873.25608780702,38890.3753576628,38962.209150633586,38874.359232481394,38881.33559557145,38873.110684586594,38951.81974804998,39267.83422874285,40853.84349617458,38882.6117629758,38873.90320499814,38873.09184985041,38875.88090893927,38873.07012767872
-234829724.0,23062186.778391432,721143194.1720005,3709660743.4333696,357927710408.6974,172372117531.905,96906621.76031578,3187509535.4972563,19733281544.039467,107173821743.51274,4047256323.0462823,64758089.699258834,471607566.30647385,3235975952.648173,658102572.5731153,789576413.9830922,47073270.28375239,35653046861.09847,259898703.7199268,391836257.6529959,14738633.747228611,6571823635.982059,7357181884.97766,36986963131.17108,1848146.9217217448,631075.0459359651,50967869.98945888,535536.2938697329,72035.1859018413,121168402.13748007,48399.749642054434,6763636.684465723,62887.107517923025,685111.8891114237,14476769.807289762,43482.35188750944,95272.36206872272,40919.51698565783,42967.74500166219,54274.22682441227,42865.47198048317,81086.1369278681,47722.120484359366,167695.30261024425,690238.0011230056,40821.625538021726,41252.359430312696,40959.971178665815,43190.53113336483,40722.440108091054,43635.98443020707,1012069.7187295563,40859.29537984491,45238.137768834444,40836.729813291306,152128.1505120705,40900.22918272668,41948.81494150504,40799.76114094372,41433.07088812671,155986.44899439396,41299.57967042644,40852.52944873118,41066.503107475604,55290.731562692694,160999.11560693267,41655.891085813535,71992.63156828776,205175.76079344627,984962.9594011701,41943.00274840346,3236287.356886795,41341.916093491986,44207.46029979575,40998764984.29036,40929.955652066135,41558.35572726782,10231814.879720306,47869.58683339343,41756.27791276564,45589.51701772243,119285.93080094912,45463.9504861846,73683.91485215972,234097.30498897156,51393.60769164576,48536.72546138591,126113.37408213894,500423.5285454542,40821.23304998765,40927.072037847836,41486.928106655425,43358.381761517885,40824.82938977244,40651.74043003036,34080.88549561092,-512698.3789227184,40784.62162243017,40785.419412052404,40789.463133349906,40809.61451879372,40893.13565715883,41309.18108785612,43349.955195341645,41643.72484597229,45032.48550320771,40820.89978846774,40882.285368056415,41833.45428301087,46530.87162600939,69540.2329996938,40865.94632188345,40814.179172351964,41679.7458843295,40810.33467753502,40839.75692548194,40807.796642447574,40806.67521692874,40805.76031090659,40825.725878107995,40805.76708347068,40805.90085690639,40806.56635658567,40809.86171613445,40823.36194146128,40890.836023329524,41222.844435253595,41313.45644254809,43335.98218343892,53460.7275598485,40825.82817369208,40815.66741318761,40841.48255464311,40972.782359791454,40814.0897600883,40841.706089109866,40810.47939553432,40809.35189944726,40809.40158050865,40830.544101586864,40918.93518297841,40811.34195036596,40822.75323672297,40809.217037130686,40926.80003855247,41399.673109226555,43770.07455031903,40824.54582381,40809.57949253131,40809.157872742275,40808.963142625405,40809.17482066758
-194983836.0,25418114.11432712,932504700.9719474,4622543510.021554,443523025006.9764,211746835112.29416,76011114.60445131,2538177697.9834037,15315062995.596537,83515138176.07294,3097282140.976602,38815295.686300784,286318348.8968453,2104312304.729765,367590223.7171402,342311983.1082915,2881917.427253552,2180774699.2930193,10921598.611843754,39743291.84906513,-256380.74172232597,-24770393.590977553,11938523.643548694,68795914.35690178,-499053.1615679665,-283134.6402297983,-30173297.026904527,-205540.75060303812,43695.309744699174,4173474.5692336704,39375.22382004926,-2785596.5992028774,46146.74706399743,103079.48211086297,1403935.917442138,43555.945568442236,61827.987906335795,42934.12522512479,44099.33625904782,54157.741613346916,43615.73042989565,71162.16701848601,45565.46303750051,96257.74375176209,315523.85033496644,43078.22230880192,48866.195516203676,42931.8327428907,51392.75748874644,44833.24797220427,88068.27813979614,15722093.483835442,43887.67441460553,138361.12857563706,42799.40672086267,370965.18830941804,42951.23522594016,46333.4217303288,42667.04676980829,43122.41068300786,129472.88658893103,42933.877976379445,42655.002450873195,42656.156454499025,45332.1431290706,67175.87566098956,42308.96720661833,30436.932129157038,-20391.38327276903,-320745.89758613275,42027.59591655362,-1588220.4213269146,42313.99946996126,40674.55706757076,-23263629973.770687,42551.085086087696,42269.54536561273,-4543179.28986541,39463.45660892713,42423.94101200305,41653.7446902024,26978.243222777426,41664.916651631924,35941.31468329844,3507.9141526419044,40459.182808909274,41025.5989907594,26554.435844060783,-43948.95409230987,42635.555812401464,42933.54824028272,44196.903457377724,45394.97535749157,43102.59565197485,43176.43797065759,82672.95862122884,3353707.82413811,42636.00369326922,42635.462718264556,42632.733223554606,42619.09172298098,42563.011234842495,42282.804439151274,40900.54386305352,42058.319326720884,39775.02565029174,42611.64606840224,42568.877366522756,41944.437297351455,38853.952805306035,23723.527459916208,42583.168211065815,42614.18167433385,41748.02664980051,42614.68321685385,42571.02461708429,42618.81799135334,42619.879749818276,42621.753993672566,42618.54329061377,42621.74960544119,42621.66238450885,42621.22177478522,42619.03861913037,42610.15346347315,42565.65488663485,42347.64407605311,42288.042811126325,40958.96494376815,34301.25884749679,42609.08486353731,42615.74291867557,42599.76555752947,42520.54713824166,42616.072712074936,42597.36574992906,42618.913460297576,42619.06442958318,42619.124582856486,42579.22785244414,42410.9367326737,42617.37679024436,42604.90411648646,42619.45237135027,42500.35721951524,42022.13488709863,39621.75666881073,42605.252918281665,42618.258619489134,42619.520685701296,42619.70610140369,42619.5264334062
-156186524.0,27835449.57800298,732380802.3677458,4000658112.5967736,384632276526.8419,187150041042.35803,68101.21822920129,820125.041236398,4712425.454421021,25476115.814141195,988632.3069490804,61388.033803394355,165266.8231739612,892717.7473166154,208163.36367120838,243913.6958699193,50608.313458514196,4702522.655004941,100120.57368596815,131060.92780748344,55374.570065031454,5160837.7579957135,5847569.213020722,29177627.60853231,50978.1587052736,51578.022368286154,580904.4291062738,43047.5350452024,49771.86045819001,21087844.841490872,47151.920216929524,2460135.0972358626,49748.44287260277,151193.70507694676,2586556.409206258,44389.06942996661,43605.518993258396,44253.21887223843,43716.95099342198,41204.033616294284,44657.88271675321,54938.826442563724,45665.51764768926,61252.313585521115,128824.36826622504,44705.96828773299,50312.04470649733,44883.04915515166,58526.022037482595,47347.970779254814,105034.23448699256,21115109.20707887,46081.29966089295,170242.24747482315,44523.28403473439,392724.7531104291,44351.051894897806,44279.244816677085,44306.461512941394,44063.922918349395,-4955.292296908141,44155.166226123554,44395.346045636776,44564.77258539738,55225.30598819225,133418.11869366627,44959.21218406519,69227.74919631843,171566.85550584138,774083.3130128796,45285.88530507697,2627350.92640472,44779.08835712363,47067.73294310629,32548100530.01708,44370.326752268695,44475.43297121813,1759494.4620563271,45546.66347383464,44549.786534381754,45394.470455598894,61366.717842706596,45309.33864713958,51853.1055798048,88067.64864203091,46782.13401539257,46175.066221082954,62726.234481030755,143648.7321997163,44338.80948235468,44291.696464817374,44075.0458855405,44345.65176140565,44268.34606723181,44295.9275209092,41585.144383213425,-183776.04761054937,44344.732335007815,44344.99806845476,44346.32169575145,44352.94129428376,44379.99412196117,44515.33385840128,45185.31043343532,44624.678836344094,45724.02623187579,44358.171060308254,44386.09718482204,44836.7646708285,47039.438657489765,57825.96691742969,44372.47993951509,44360.86448899865,45395.97144071073,44358.00412561127,44396.67813364082,44354.66667744338,44353.19244145978,44351.72246377108,44419.12248196199,44351.90224748353,44353.20663905314,44359.72393759152,44392.06383852417,44524.277455835385,45185.67100494432,48425.878194501696,49312.659255007246,69070.37092770432,168031.35880003072,44536.63194132463,44441.111936543864,44674.66343313824,45853.05139821198,44424.589954386865,44667.01972562553,44390.88837455746,44386.26051584253,44386.506379822706,44520.61425322096,45082.91713062369,44394.681430291035,44449.62401355419,44385.23677361911,44712.3455644895,46026.2166855431,52618.819213795876,44425.24741898952,44388.5981117349,44385.103643855124,44389.79318380131,44385.09695804063
-117389212.0,-6892485.8322315505,-216750230.99963298,-1173100378.2330647,-113282028111.37843,-54202948574.47398,-27229399.41667257,-914802106.0382019,-5528908006.185423,-30148689888.646477,-1118584598.8728857,-27586396.612286266,-189316913.80971047,-1294437667.904589,-250611492.47398922,-313334153.8916413,-22943948.50941068,-17498007097.78107,-178086705.27436745,-300399324.2798446,-12927.383788506748,21169291.094893117,57862511.06681565,268501208.6494052,3471026.609883241,2022652.1382020046,148937415.99573994,2274228.904094337,118045.28160227713,280903137.91620266,38950.69469972542,-6224652.523215961,15767.19713989296,-808896.5168679862,-18728414.000949647,41513.97906198675,-18687.00176285302,43405.42733605689,26192.76214801878,-82277.10726091929,26601.66972396781,-348393.37878909893,-8462.626556913434,-953676.0538693242,-5066741.060303102,41613.953249819475,271.40656526814564,43868.09249822859,9859.202199371495,40032.25092433742,-85871.3006003965,-45144635.129197225,42306.91090135088,-191811.2317326376,43139.20822815228,-4169471.947603598,41988.60527684114,8130.079635427173,45523.93835353634,47133.65349465237,367767.0358122312,45617.74789938631,45350.121859159095,45167.85808006303,33074.7292268046,-52741.702005894804,44382.71855217544,14785.73436032866,-122630.11364725714,-929963.5036925655,45923.94806370941,1511968.8982957215,44952.27724989512,42991.39291929909,-29895112828.680714,45658.86971973195,46724.322723428566,-68804942.7035899,34133.82346002068,42548.970290200756,31031.462896897076,-261458.14934019535,33407.787082819785,-36377.82722983835,-457001.9745397631,19869.218171809654,30655.001566354418,-102167.20764506103,-742666.3510478446,45006.403823530825,40589.08909773243,21388.57904334895,10772.496899041289,43088.05142918907,41103.35459652954,-215269.02910637273,19446578.5944932,45496.26335063873,45492.4257272647,45473.03369938447,45376.40440019344,44977.27191435822,42987.179760344676,33199.60381972549,41382.44892558058,25163.191216545023,45313.402881477785,44982.228898758796,39937.46861812302,14927.306432444326,-107520.62356767134,45158.67310758921,45365.89347629034,42557.358329131675,45359.39286485506,45138.01603692163,45379.17086705683,45388.56690409763,45394.80646244612,45170.14617966992,45394.22298228533,45390.15822261285,45369.82807456142,45269.04269184316,44857.06009492654,42796.16114556905,32695.333279412254,29931.375204842705,-31651.2492925603,-340094.5029636104,44812.95119721807,45112.762085213035,44375.63169312246,40661.09155310744,45152.2353746098,44333.86288607613,45267.64760284015,45284.08678291123,45282.73305007395,44529.724759573815,41371.48799589485,45236.77875206057,44931.26732491069,45289.65613613379,42998.444330692335,33796.24303610812,-12376.161259509478,45003.308649002145,45268.21622128174,45290.784912116425,45285.87652931438,45290.840202953994
-78591900.0,-4598556.584083625,-145128296.65153974,-785541341.673925,-75858484020.11934,-36296600401.65662,-18217025.502236098,-612573748.6862957,-3702376806.8205996,-20188837888.825768,-749035239.4238076,-18456086.124298826,-126757771.74757378,-866793991.0075362,-167803248.53168884,-209805030.73100942,-15347303.912551694,-11717398519.94262,-119237542.81765617,-201143314.4731091,8290.591213088497,14192811.893917067,38764164.55368846,179816863.82781318,2341295.4976896797,1371401.8782602777,99751824.10429077,1539868.462563179,95995.50107295508,188121727.1760328,43030.37591499482,-4151346.7789392173,27505.7123704643,-524724.4532598013,-12524401.339921407,44746.86097900896,4433.70417666086,46013.455805395235,34487.117509833624,-38148.95575508237,34760.93954729939,-216351.8161534267,11280.384002065948,-621675.0360732224,-3375959.6385958977,44813.807979789766,17129.066896384014,46323.27622649205,23549.465758500504,43754.63231540315,-40555.78165208058,-30213835.13116881,45277.84212143959,-111497.69982101278,45835.18408135198,-2775109.7863416905,45064.691033599105,22391.571184439617,47432.10157602875,48510.0358223111,263219.89005270385,47494.92046833848,47315.70660211528,47193.65496432731,39095.57760720387,-18370.782593492942,46667.89188761645,26848.48283053764,-65171.05824613449,-605796.0962238687,47699.965221232604,1029426.4943906963,47049.292801268515,45736.20061559886,-14946796439.245317,47479.44754252904,48012.240357596515,96984789.61601862,77085.36890654641,52112.434559661524,71110.93434898352,509983.5512439896,68120.41113653102,193733.73108117736,929896.3365826225,93493.08595607354,76929.56865730988,363351.30868156796,1746100.6472643777,47911.024384981,53879.27625644967,79839.86821052895,101865.47114432503,50619.85364017491,51219.71232545356,282162.55529410637,19448586.376603965,47496.26340666749,47492.425756131444,47473.03359101742,47376.40385612428,46977.269561303394,44987.16840209663,35199.548376657454,43382.43031818514,27163.09927045596,47313.402068745716,46982.22669935235,41937.444683073125,16927.17509257002,-105521.28098268516,47158.671354752805,47365.89279926751,44557.33700755046,47359.39233211333,47138.01493529286,47379.17039101968,47388.56643083744,47394.805997928015,47170.14275737212,47394.22251803394,47390.157741453004,47369.8275090769,47269.04170798566,46857.05739935412,44796.14988872358,34695.28008009823,31931.310524687644,-29651.56973304342,-338096.10439804883,46812.9483446928,47112.76046706242,46375.627051222495,42661.07162937294,47152.23399360586,46333.85845684134,47267.64663779622,47284.085886088105,47282.732145823524,46529.722887841104,43371.48207635294,47236.777778871525,46931.26593916576,47289.655239266795,44998.43676108692,35796.2086633374,-10376.330085945046,47003.30690463788,47268.21524598878,47290.78401690818,47285.87544039483,47290.83930882679
-38746012.0,-2242629.248147923,-71570634.3480931,-387507736.5591375,-37423492791.25895,-17906296872.81727,-8961073.914436473,-302177057.3519062,-1826479899.3648288,-9959800699.8207,-369498059.44907784,-9079010.48798742,-62507842.06213637,-427592376.89705086,-82756943.94229983,-103477823.16063128,-7545344.596858858,-5780557277.838372,-58797862.45671051,-99204709.80673404,30082.024998449433,7027779.200995611,19149646.513149116,88735644.82170187,1181031.11219357,702550.2599417351,49236891.891449936,785660.4415311671,73349.78052932436,92832710.74017608,47220.3187847309,-2022005.744276542,39561.48476942959,-232872.06360815337,-6152712.661027566,48067.118082977766,28179.294060486587,48691.971530661656,43005.64463818482,7171.8484941607385,43140.73017666798,-80741.56263568546,31556.98944101969,-280701.0177961207,-1639481.4217073007,48100.14527002958,34442.33966888224,48844.816271736105,37609.73644086056,47577.61860893229,5984.481051641618,-14879499.998042593,48329.06877991029,-29013.531911693935,48604.02414680033,-1343062.161261842,48223.91424324225,37038.50845099037,49391.83677750752,49923.61767234008,155847.14575932297,49422.82743104691,49334.415257043525,49274.20311573474,45279.151619550204,16929.08058718058,49014.826664557324,39237.25152972673,-6159.05540145321,-272867.40747059794,49523.98284247464,533842.4038990589,49202.98444862566,48555.19230369456,-14948265190.892878,49479.422171794344,50012.082323686416,96984630.74569774,79083.87063619234,54112.20423123992,73109.73531094083,511963.9961013118,70119.24630222443,195725.41663795713,931847.639791453,95490.35951946743,78927.53781535554,365329.7144643868,1747984.650390012,49910.95827539031,55878.32596518417,81835.09608897955,103857.47831110706,52618.37569070856,53218.03558123254,284050.8001843558,19441347.643909115,49496.21510113044,49492.377496248344,49472.98556290022,49376.35698435448,48977.22741915455,46987.14993858253,37199.64694968246,45382.430794213644,29163.292916755014,49313.355986040224,48982.184876515006,43937.4561811795,18927.4578835681,-103519.6742614064,49158.62776398719,49365.846165258365,46557.34309975253,49359.346071932705,49137.97441462651,49379.12340173836,49388.51941345444,49394.75894894983,49170.13579313112,49394.175575959314,49390.11158794671,49369.785297024,49269.019051604024,48857.11470064556,46796.60716618009,36697.69646324257,33934.263257600236,-27636.670093998393,-336021.36636083695,48813.013212056845,49112.767612595235,48375.77581595918,44661.93424328438,49152.232202468294,48334.00952709016,49267.62335638284,49284.05981245358,49282.70624403025,48529.78814959179,45371.92949328646,49236.75752525943,48931.283279200936,49289.628516269004,46998.72131909765,37797.74330491121,-8368.522907845574,49003.31852632439,49268.191682398756,49290.757200167405,49285.85682182076,49290.81245014999
